FileName,Class
Forest1117.tif,0
Forest2544.tif,0
Forest2112.tif,0
Forest2653.tif,0
Forest787.tif,0
Forest2008.tif,0
Forest350.tif,0
Forest1400.tif,0
Forest1467.tif,0
Forest1624.tif,0
Forest2479.tif,0
Forest268.tif,0
Forest2357.tif,0
Forest1183.tif,0
Forest1980.tif,0
Forest1486.tif,0
Forest2271.tif,0
Forest2334.tif,0
Forest2003.tif,0
Forest2666.tif,0
Forest1637.tif,0
Forest2120.tif,0
Forest2660.tif,0
Forest2200.tif,0
Forest986.tif,0
Forest1963.tif,0
Forest816.tif,0
Forest712.tif,0
Forest729.tif,0
Forest1990.tif,0
Forest980.tif,0
Forest919.tif,0
Forest2564.tif,0
Forest1060.tif,0
Forest513.tif,0
Forest2450.tif,0
Forest2043.tif,0
Forest566.tif,0
Forest1330.tif,0
Forest1430.tif,0
Forest1779.tif,0
Forest1827.tif,0
Forest1302.tif,0
Forest667.tif,0
Forest1337.tif,0
Forest2598.tif,0
Forest1248.tif,0
Forest1112.tif,0
Forest2452.tif,0
Forest2137.tif,0
Forest820.tif,0
Forest2627.tif,0
Forest2585.tif,0
Forest1520.tif,0
Forest1003.tif,0
Forest1151.tif,0
Forest237.tif,0
Forest1207.tif,0
Forest654.tif,0
Forest392.tif,0
Forest2105.tif,0
Forest504.tif,0
Forest54.tif,0
Forest2410.tif,0
Forest267.tif,0
Forest1640.tif,0
Forest1521.tif,0
Forest203.tif,0
Forest1672.tif,0
Forest557.tif,0
Forest1751.tif,0
Forest632.tif,0
Forest2373.tif,0
Forest2588.tif,0
Forest1455.tif,0
Forest1177.tif,0
Forest1937.tif,0
Forest2382.tif,0
Forest31.tif,0
Forest2252.tif,0
Forest694.tif,0
Forest1231.tif,0
Forest1856.tif,0
Forest430.tif,0
Forest1900.tif,0
Forest433.tif,0
Forest1744.tif,0
Forest2176.tif,0
Forest1515.tif,0
Forest1555.tif,0
Forest2393.tif,0
Forest1746.tif,0
Forest389.tif,0
Forest2292.tif,0
Forest478.tif,0
Forest1477.tif,0
Forest1484.tif,0
Forest214.tif,0
Forest1034.tif,0
Forest1164.tif,0
Forest148.tif,0
Forest691.tif,0
Forest1252.tif,0
Forest2089.tif,0
Forest1563.tif,0
Forest1797.tif,0
Forest436.tif,0
Forest2389.tif,0
Forest668.tif,0
Forest1237.tif,0
Forest1809.tif,0
Forest2056.tif,0
Forest870.tif,0
Forest1466.tif,0
Forest2329.tif,0
Forest1942.tif,0
Forest1246.tif,0
Forest2281.tif,0
Forest769.tif,0
Forest1121.tif,0
Forest2004.tif,0
Forest1699.tif,0
Forest2291.tif,0
Forest1607.tif,0
Forest2300.tif,0
Forest1306.tif,0
Forest342.tif,0
Forest659.tif,0
Forest770.tif,0
Forest1223.tif,0
Forest1890.tif,0
Forest174.tif,0
Forest1734.tif,0
Forest78.tif,0
Forest834.tif,0
Forest2476.tif,0
Forest796.tif,0
Forest1310.tif,0
Forest1031.tif,0
Forest1789.tif,0
Forest971.tif,0
Forest1971.tif,0
Forest2371.tif,0
Forest981.tif,0
Forest1116.tif,0
Forest2650.tif,0
Forest955.tif,0
Forest548.tif,0
Forest1579.tif,0
Forest985.tif,0
Forest1234.tif,0
Forest2242.tif,0
Forest662.tif,0
Forest136.tif,0
Forest1553.tif,0
Forest2139.tif,0
Forest2412.tif,0
Forest1698.tif,0
Forest824.tif,0
Forest1984.tif,0
Forest219.tif,0
Forest1419.tif,0
Forest751.tif,0
Forest2630.tif,0
Forest2197.tif,0
Forest1459.tif,0
Forest2672.tif,0
Forest5.tif,0
Forest1103.tif,0
Forest546.tif,0
Forest2383.tif,0
Forest1926.tif,0
Forest1399.tif,0
Forest1539.tif,0
Forest2364.tif,0
Forest2667.tif,0
Forest759.tif,0
Forest763.tif,0
Forest2405.tif,0
Forest2576.tif,0
Forest2378.tif,0
Forest1002.tif,0
Forest2230.tif,0
Forest1226.tif,0
Forest1326.tif,0
Forest1284.tif,0
Forest2045.tif,0
Forest594.tif,0
Forest374.tif,0
Forest1866.tif,0
Forest2443.tif,0
Forest1214.tif,0
Forest512.tif,0
Forest2286.tif,0
Forest549.tif,0
Forest1869.tif,0
Forest2084.tif,0
Forest1199.tif,0
Forest975.tif,0
Forest441.tif,0
Forest1028.tif,0
Forest1277.tif,0
Forest2602.tif,0
Forest2049.tif,0
Forest883.tif,0
Forest226.tif,0
Forest74.tif,0
Forest457.tif,0
Forest304.tif,0
Forest242.tif,0
Forest1504.tif,0
Forest1523.tif,0
Forest2255.tif,0
Forest1445.tif,0
Forest2096.tif,0
Forest2680.tif,0
Forest2523.tif,0
Forest565.tif,0
Forest1545.tif,0
Forest1600.tif,0
Forest1193.tif,0
Forest263.tif,0
Forest1850.tif,0
Forest2671.tif,0
Forest515.tif,0
Forest2078.tif,0
Forest2417.tif,0
Forest2613.tif,0
Forest35.tif,0
Forest1709.tif,0
Forest1490.tif,0
Forest609.tif,0
Forest1654.tif,0
Forest2381.tif,0
Forest2503.tif,0
Forest1358.tif,0
Forest1108.tif,0
Forest344.tif,0
Forest121.tif,0
Forest2321.tif,0
Forest1011.tif,0
Forest1236.tif,0
Forest2005.tif,0
Forest677.tif,0
Forest447.tif,0
Forest1120.tif,0
Forest2322.tif,0
Forest1077.tif,0
Forest178.tif,0
Forest2302.tif,0
Forest1059.tif,0
Forest760.tif,0
Forest76.tif,0
Forest1427.tif,0
Forest1272.tif,0
Forest1181.tif,0
Forest2155.tif,0
Forest2595.tif,0
Forest849.tif,0
Forest1728.tif,0
Forest396.tif,0
Forest1131.tif,0
Forest961.tif,0
Forest1208.tif,0
Forest1737.tif,0
Forest1251.tif,0
Forest2276.tif,0
Forest173.tif,0
Forest1568.tif,0
Forest900.tif,0
Forest1032.tif,0
Forest2165.tif,0
Forest1783.tif,0
Forest1440.tif,0
Forest2066.tif,0
Forest815.tif,0
Forest902.tif,0
Forest2081.tif,0
Forest912.tif,0
Forest2237.tif,0
Forest26.tif,0
Forest358.tif,0
Forest2399.tif,0
Forest1126.tif,0
Forest996.tif,0
Forest8.tif,0
Forest500.tif,0
Forest24.tif,0
Forest2341.tif,0
Forest1396.tif,0
Forest1309.tif,0
Forest853.tif,0
Forest1675.tif,0
Forest1953.tif,0
Forest1578.tif,0
Forest2020.tif,0
Forest1000.tif,0
Forest1772.tif,0
Forest1454.tif,0
Forest2117.tif,0
Forest1144.tif,0
Forest469.tif,0
Forest2164.tif,0
Forest552.tif,0
Forest2258.tif,0
Forest719.tif,0
Forest739.tif,0
Forest1205.tif,0
Forest1785.tif,0
Forest1107.tif,0
Forest2446.tif,0
Forest544.tif,0
Forest1996.tif,0
Forest234.tif,0
Forest640.tif,0
Forest1253.tif,0
Forest473.tif,0
Forest954.tif,0
Forest1087.tif,0
Forest1794.tif,0
Forest1211.tif,0
Forest614.tif,0
Forest22.tif,0
Forest1532.tif,0
Forest2387.tif,0
Forest2031.tif,0
Forest21.tif,0
Forest2106.tif,0
Forest1499.tif,0
Forest2239.tif,0
Forest1678.tif,0
Forest302.tif,0
Forest1318.tif,0
Forest1349.tif,0
Forest2347.tif,0
Forest93.tif,0
Forest901.tif,0
Forest1816.tif,0
Forest1516.tif,0
Forest842.tif,0
Forest1371.tif,0
Forest1271.tif,0
Forest400.tif,0
Forest402.tif,0
Forest2428.tif,0
Forest103.tif,0
Forest846.tif,0
Forest369.tif,0
Forest2635.tif,0
Forest2338.tif,0
Forest2586.tif,0
Forest1115.tif,0
Forest595.tif,0
Forest676.tif,0
Forest1768.tif,0
Forest265.tif,0
Forest864.tif,0
Forest1636.tif,0
Forest674.tif,0
Forest635.tif,0
Forest797.tif,0
Forest1219.tif,0
Forest698.tif,0
Forest2434.tif,0
Forest152.tif,0
Forest1979.tif,0
Forest1333.tif,0
Forest160.tif,0
Forest2039.tif,0
Forest995.tif,0
Forest1739.tif,0
Forest2634.tif,0
Forest2432.tif,0
Forest2593.tif,0
Forest1677.tif,0
Forest656.tif,0
Forest618.tif,0
Forest2359.tif,0
Forest341.tif,0
Forest145.tif,0
Forest1210.tif,0
Forest201.tif,0
Forest2535.tif,0
Forest773.tif,0
Forest2196.tif,0
Forest672.tif,0
Forest1441.tif,0
Forest2052.tif,0
Forest1005.tif,0
Forest352.tif,0
Forest1642.tif,0
Forest2658.tif,0
Forest2249.tif,0
Forest808.tif,0
Forest1663.tif,0
Forest925.tif,0
Forest2159.tif,0
Forest13.tif,0
Forest222.tif,0
Forest567.tif,0
Forest1134.tif,0
Forest572.tif,0
Forest781.tif,0
Forest2492.tif,0
Forest2327.tif,0
Forest2337.tif,0
Forest1683.tif,0
Forest704.tif,0
Forest752.tif,0
Forest616.tif,0
Forest1716.tif,0
Forest1232.tif,0
Forest2100.tif,0
Forest2261.tif,0
Forest1974.tif,0
Forest577.tif,0
Forest338.tif,0
Forest1541.tif,0
Forest2683.tif,0
Forest684.tif,0
Forest2187.tif,0
Forest1841.tif,0
Forest1878.tif,0
Forest2087.tif,0
Forest983.tif,0
Forest2649.tif,0
Forest111.tif,0
Forest1156.tif,0
Forest2278.tif,0
Forest1141.tif,0
Forest286.tif,0
Forest2015.tif,0
Forest319.tif,0
Forest2313.tif,0
Forest730.tif,0
Forest1008.tif,0
Forest2638.tif,0
Forest1945.tif,0
Forest1978.tif,0
Forest258.tif,0
Forest1877.tif,0
Forest1603.tif,0
Forest957.tif,0
Forest2331.tif,0
Forest879.tif,0
Forest1370.tif,0
Forest1315.tif,0
Forest1692.tif,0
Forest2283.tif,0
Forest878.tif,0
Forest2.tif,0
Forest1706.tif,0
Forest2312.tif,0
Forest166.tif,0
Forest282.tif,0
Forest2011.tif,0
Forest1844.tif,0
Forest1846.tif,0
Forest445.tif,0
Forest2333.tif,0
Forest2374.tif,0
Forest1780.tif,0
Forest1097.tif,0
Forest2518.tif,0
Forest1468.tif,0
Forest1058.tif,0
Forest847.tif,0
Forest1036.tif,0
Forest2225.tif,0
Forest715.tif,0
Forest624.tif,0
Forest1943.tif,0
Forest2688.tif,0
Forest1024.tif,0
Forest1163.tif,0
Forest2103.tif,0
Forest2138.tif,0
Forest1325.tif,0
Forest1620.tif,0
Forest1299.tif,0
Forest1944.tif,0
Forest2692.tif,0
Forest779.tif,0
Forest2152.tif,0
Forest486.tif,0
Forest2499.tif,0
Forest1910.tif,0
Forest1168.tif,0
Forest2500.tif,0
Forest949.tif,0
Forest2188.tif,0
Forest2580.tif,0
Forest2478.tif,0
Forest617.tif,0
Forest2126.tif,0
Forest1009.tif,0
Forest1584.tif,0
Forest519.tif,0
Forest1861.tif,0
Forest1986.tif,0
Forest1140.tif,0
Forest1336.tif,0
Forest2623.tif,0
Forest1591.tif,0
Forest335.tif,0
Forest669.tif,0
Forest1054.tif,0
Forest1653.tif,0
Forest132.tif,0
Forest99.tif,0
Forest232.tif,0
Forest2290.tif,0
Forest371.tif,0
Forest2618.tif,0
Forest1373.tif,0
Forest717.tif,0
Forest1022.tif,0
Forest1501.tif,0
Forest1282.tif,0
Forest109.tif,0
Forest185.tif,0
Forest393.tif,0
Forest1488.tif,0
Forest2355.tif,0
Forest897.tif,0
Forest1831.tif,0
Forest1922.tif,0
Forest775.tif,0
Forest859.tif,0
Forest1220.tif,0
Forest699.tif,0
Forest626.tif,0
Forest2385.tif,0
Forest208.tif,0
Forest2098.tif,0
Forest1434.tif,0
Forest1799.tif,0
Forest1556.tif,0
Forest636.tif,0
Forest1093.tif,0
Forest2425.tif,0
Forest529.tif,0
Forest1268.tif,0
Forest1580.tif,0
Forest2186.tif,0
Forest800.tif,0
Forest2304.tif,0
Forest2346.tif,0
Forest539.tif,0
Forest468.tif,0
Forest2006.tif,0
Forest2287.tif,0
Forest2466.tif,0
Forest2168.tif,0
Forest1073.tif,0
Forest64.tif,0
Forest1815.tif,0
Forest930.tif,0
Forest1536.tif,0
Forest298.tif,0
Forest1616.tif,0
Forest586.tif,0
Forest1258.tif,0
Forest1191.tif,0
Forest7.tif,0
Forest1559.tif,0
Forest1432.tif,0
Forest1760.tif,0
Forest2209.tif,0
Forest1729.tif,0
Forest2506.tif,0
Forest2243.tif,0
Forest2579.tif,0
Forest1773.tif,0
Forest2306.tif,0
Forest1755.tif,0
Forest2024.tif,0
Forest2644.tif,0
Forest89.tif,0
Forest2398.tif,0
Forest1328.tif,0
Forest2205.tif,0
Forest795.tif,0
Forest1596.tif,0
Forest96.tif,0
Forest2135.tif,0
Forest2495.tif,0
Forest90.tif,0
Forest646.tif,0
Forest736.tif,0
Forest1471.tif,0
Forest987.tif,0
Forest2297.tif,0
Forest862.tif,0
Forest2250.tif,0
Forest63.tif,0
Forest1811.tif,0
Forest69.tif,0
Forest2007.tif,0
Forest1301.tif,0
Forest1343.tif,0
Forest598.tif,0
Forest1936.tif,0
Forest269.tif,0
Forest2400.tif,0
Forest1724.tif,0
Forest718.tif,0
Forest1991.tif,0
Forest938.tif,0
Forest1359.tif,0
Forest545.tif,0
Forest127.tif,0
Forest380.tif,0
Forest723.tif,0
Forest1082.tif,0
Forest1262.tif,0
Forest1381.tif,0
Forest2572.tif,0
Forest1385.tif,0
Forest2030.tif,0
Forest2458.tif,0
Forest1732.tif,0
Forest534.tif,0
Forest388.tif,0
Forest1913.tif,0
Forest462.tif,0
Forest1857.tif,0
Forest2009.tif,0
Forest2607.tif,0
Forest2526.tif,0
Forest235.tif,0
Forest590.tif,0
Forest411.tif,0
Forest106.tif,0
Forest868.tif,0
Forest407.tif,0
Forest1129.tif,0
Forest2213.tif,0
Forest1665.tif,0
Forest228.tif,0
Forest1102.tif,0
Forest2565.tif,0
Forest2143.tif,0
Forest1849.tif,0
Forest476.tif,0
Forest321.tif,0
Forest1420.tif,0
Forest875.tif,0
Forest157.tif,0
Forest44.tif,0
Forest1634.tif,0
Forest952.tif,0
Forest2048.tif,0
Forest1873.tif,0
Forest1194.tif,0
Forest1690.tif,0
Forest1512.tif,0
Forest1741.tif,0
Forest1604.tif,0
Forest1659.tif,0
Forest2095.tif,0
Forest205.tif,0
Forest1836.tif,0
Forest254.tif,0
Forest1897.tif,0
Forest2244.tif,0
Forest1369.tif,0
Forest1114.tif,0
Forest1393.tif,0
Forest1062.tif,0
Forest918.tif,0
Forest2697.tif,0
Forest27.tif,0
Forest187.tif,0
Forest2264.tif,0
Forest2368.tif,0
Forest1514.tif,0
Forest387.tif,0
Forest110.tif,0
Forest331.tif,0
Forest1661.tif,0
Forest2656.tif,0
Forest1182.tif,0
Forest1643.tif,0
Forest1045.tif,0
Forest444.tif,0
Forest58.tif,0
Forest1821.tif,0
Forest2263.tif,0
Forest189.tif,0
Forest2384.tif,0
Forest249.tif,0
Forest247.tif,0
Forest768.tif,0
Forest1498.tif,0
Forest2570.tif,0
Forest266.tif,0
Forest1885.tif,0
Forest165.tif,0
Forest2116.tif,0
Forest1167.tif,0
Forest1053.tif,0
Forest281.tif,0
Forest2594.tif,0
Forest627.tif,0
Forest1074.tif,0
Forest972.tif,0
Forest923.tif,0
Forest570.tif,0
Forest1552.tif,0
Forest2377.tif,0
Forest1608.tif,0
Forest2212.tif,0
Forest209.tif,0
Forest1808.tif,0
Forest1187.tif,0
Forest1165.tif,0
Forest408.tif,0
Forest1902.tif,0
Forest2669.tif,0
Forest2181.tif,0
Forest1386.tif,0
Forest1879.tif,0
Forest2626.tif,0
Forest1676.tif,0
Forest1947.tif,0
Forest910.tif,0
Forest326.tif,0
Forest1934.tif,0
Forest316.tif,0
Forest246.tif,0
Forest1680.tif,0
Forest748.tif,0
Forest1044.tif,0
Forest945.tif,0
Forest1417.tif,0
Forest2620.tif,0
Forest1397.tif,0
Forest1870.tif,0
Forest890.tif,0
Forest188.tif,0
Forest1204.tif,0
Forest2012.tif,0
Forest381.tif,0
Forest1321.tif,0
Forest2487.tif,0
Forest1570.tif,0
Forest528.tif,0
Forest275.tif,0
Forest2061.tif,0
Forest520.tif,0
Forest992.tif,0
Forest1715.tif,0
Forest395.tif,0
Forest2517.tif,0
Forest355.tif,0
Forest711.tif,0
Forest596.tif,0
Forest1714.tif,0
Forest2246.tif,0
Forest2519.tif,0
Forest615.tif,0
Forest39.tif,0
Forest262.tif,0
Forest1260.tif,0
Forest126.tif,0
Forest1150.tif,0
Forest175.tif,0
Forest1985.tif,0
Forest1153.tif,0
Forest1109.tif,0
Forest1674.tif,0
Forest1903.tif,0
Forest1012.tif,0
Forest2161.tif,0
Forest2631.tif,0
Forest2529.tif,0
Forest921.tif,0
Forest1247.tif,0
Forest1460.tif,0
Forest359.tif,0
Forest1224.tif,0
Forest2194.tif,0
Forest1932.tif,0
Forest2218.tif,0
Forest2107.tif,0
Forest2365.tif,0
Forest308.tif,0
Forest2437.tif,0
Forest2102.tif,0
Forest893.tif,0
Forest376.tif,0
Forest1529.tif,0
Forest1448.tif,0
Forest630.tif,0
Forest323.tif,0
Forest1281.tif,0
Forest1823.tif,0
Forest2277.tif,0
Forest2418.tif,0
Forest412.tif,0
Forest1557.tif,0
Forest2426.tif,0
Forest434.tif,0
Forest670.tif,0
Forest940.tif,0
Forest1303.tif,0
Forest1723.tif,0
Forest1408.tif,0
Forest722.tif,0
Forest2569.tif,0
Forest2317.tif,0
Forest1569.tif,0
Forest1896.tif,0
Forest1977.tif,0
Forest379.tif,0
Forest658.tif,0
Forest2158.tif,0
Forest734.tif,0
Forest2608.tif,0
Forest629.tif,0
Forest2642.tif,0
Forest625.tif,0
Forest272.tif,0
Forest1810.tif,0
Forest1566.tif,0
Forest1415.tif,0
Forest2632.tif,0
Forest1764.tif,0
Forest2567.tif,0
Forest2440.tif,0
Forest1670.tif,0
Forest394.tif,0
Forest756.tif,0
Forest948.tif,0
Forest2057.tif,0
Forest1814.tif,0
Forest71.tif,0
Forest1507.tif,0
Forest541.tif,0
Forest706.tif,0
Forest524.tif,0
Forest2617.tif,0
Forest2489.tif,0
Forest250.tif,0
Forest2592.tif,0
Forest788.tif,0
Forest2076.tif,0
Forest522.tif,0
Forest649.tif,0
Forest1648.tif,0
Forest765.tif,0
Forest1987.tif,0
Forest943.tif,0
Forest1475.tif,0
Forest2577.tif,0
Forest1993.tif,0
Forest1298.tif,0
Forest2358.tif,0
Forest2475.tif,0
Forest1090.tif,0
Forest966.tif,0
Forest2054.tif,0
Forest896.tif,0
Forest895.tif,0
Forest858.tif,0
Forest1452.tif,0
Forest1801.tif,0
Forest2190.tif,0
Forest2090.tif,0
Forest1457.tif,0
Forest1540.tif,0
Forest446.tif,0
Forest2611.tif,0
Forest642.tif,0
Forest1727.tif,0
Forest1791.tif,0
Forest2140.tif,0
Forest2668.tif,0
Forest1611.tif,0
Forest2639.tif,0
Forest1854.tif,0
Forest664.tif,0
Forest1200.tif,0
Forest2467.tif,0
Forest959.tif,0
Forest561.tif,0
Forest1592.tif,0
Forest2241.tif,0
Forest956.tif,0
Forest1615.tif,0
Forest2397.tif,0
Forest907.tif,0
Forest1052.tif,0
Forest1061.tif,0
Forest2673.tif,0
Forest831.tif,0
Forest398.tif,0
Forest967.tif,0
Forest587.tif,0
Forest700.tif,0
Forest1713.tif,0
Forest217.tif,0
Forest1874.tif,0
Forest1767.tif,0
Forest14.tif,0
Forest1868.tif,0
Forest77.tif,0
Forest458.tif,0
Forest2563.tif,0
Forest2083.tif,0
Forest1921.tif,0
Forest2064.tif,0
Forest161.tif,0
Forest2665.tif,0
Forest2408.tif,0
Forest274.tif,0
Forest1838.tif,0
Forest2543.tif,0
Forest1602.tif,0
Forest1421.tif,0
Forest1639.tif,0
Forest604.tif,0
Forest1784.tif,0
Forest1423.tif,0
Forest1881.tif,0
Forest1725.tif,0
Forest516.tif,0
Forest2062.tif,0
Forest330.tif,0
Forest1216.tif,0
Forest2035.tif,0
Forest1179.tif,0
Forest2494.tif,0
Forest1860.tif,0
Forest1554.tif,0
Forest2581.tif,0
Forest755.tif,0
Forest1731.tif,0
Forest1872.tif,0
Forest894.tif,0
Forest1497.tif,0
Forest2606.tif,0
Forest2693.tif,0
Forest1155.tif,0
Forest1425.tif,0
Forest1828.tif,0
Forest1851.tif,0
Forest1914.tif,0
Forest638.tif,0
Forest580.tif,0
Forest1064.tif,0
Forest766.tif,0
Forest1065.tif,0
Forest564.tif,0
Forest1206.tif,0
Forest135.tif,0
Forest2077.tif,0
Forest2060.tif,0
Forest1133.tif,0
Forest575.tif,0
Forest290.tif,0
Forest318.tif,0
Forest1935.tif,0
Forest2687.tif,0
Forest1240.tif,0
Forest2326.tif,0
Forest506.tif,0
Forest1428.tif,0
Forest116.tif,0
Forest898.tif,0
Forest977.tif,0
Forest413.tif,0
Forest542.tif,0
Forest1669.tif,0
Forest12.tif,0
Forest62.tif,0
Forest622.tif,0
Forest1888.tif,0
Forest156.tif,0
Forest881.tif,0
Forest579.tif,0
Forest764.tif,0
Forest2554.tif,0
Forest1618.tif,0
Forest538.tif,0
Forest915.tif,0
Forest306.tif,0
Forest2409.tif,0
Forest1015.tif,0
Forest2633.tif,0
Forest1323.tif,0
Forest390.tif,0
Forest1489.tif,0
Forest2435.tif,0
Forest2235.tif,0
Forest1880.tif,0
Forest1285.tif,0
Forest2504.tif,0
Forest1014.tif,0
Forest1623.tif,0
Forest1392.tif,0
Forest836.tif,0
Forest1481.tif,0
Forest2274.tif,0
Forest488.tif,0
Forest2655.tif,0
Forest2144.tif,0
Forest1621.tif,0
Forest1918.tif,0
Forest2505.tif,0
Forest1288.tif,0
Forest588.tif,0
Forest1365.tif,0
Forest2211.tif,0
Forest1257.tif,0
Forest1269.tif,0
Forest1668.tif,0
Forest1438.tif,0
Forest1589.tif,0
Forest1852.tif,0
Forest1745.tif,0
Forest303.tif,0
Forest1307.tif,0
Forest414.tif,0
Forest2223.tif,0
Forest1833.tif,0
Forest645.tif,0
Forest833.tif,0
Forest2219.tif,0
Forest963.tif,0
Forest2411.tif,0
Forest416.tif,0
Forest133.tif,0
Forest2691.tif,0
Forest523.tif,0
Forest620.tif,0
Forest988.tif,0
Forest190.tif,0
Forest451.tif,0
Forest333.tif,0
Forest10.tif,0
Forest1086.tif,0
Forest432.tif,0
Forest2648.tif,0
Forest2540.tif,0
Forest818.tif,0
Forest2127.tif,0
Forest1229.tif,0
Forest2295.tif,0
Forest2659.tif,0
Forest200.tif,0
Forest1435.tif,0
Forest922.tif,0
Forest884.tif,0
Forest1083.tif,0
Forest1218.tif,0
Forest802.tif,0
Forest1562.tif,0
Forest1901.tif,0
Forest1625.tif,0
Forest1572.tif,0
Forest2427.tif,0
Forest1735.tif,0
Forest452.tif,0
Forest289.tif,0
Forest1586.tif,0
Forest466.tif,0
Forest36.tif,0
Forest1972.tif,0
Forest70.tif,0
Forest1353.tif,0
Forest1957.tif,0
Forest213.tif,0
Forest1911.tif,0
Forest30.tif,0
Forest2238.tif,0
Forest16.tif,0
Forest460.tif,0
Forest1966.tif,0
Forest1946.tif,0
Forest168.tif,0
Forest1312.tif,0
Forest125.tif,0
Forest1638.tif,0
Forest863.tif,0
Forest2502.tif,0
Forest1956.tif,0
Forest1145.tif,0
Forest1865.tif,0
Forest2198.tif,0
Forest1327.tif,0
Forest1812.tif,0
Forest2163.tif,0
Forest60.tif,0
Forest585.tif,0
Forest991.tif,0
Forest420.tif,0
Forest2134.tif,0
Forest2605.tif,0
Forest1422.tif,0
Forest2522.tif,0
Forest61.tif,0
Forest2046.tif,0
Forest463.tif,0
Forest651.tif,0
Forest1976.tif,0
Forest2265.tif,0
Forest291.tif,0
Forest1707.tif,0
Forest2180.tif,0
Forest2555.tif,0
Forest2229.tif,0
Forest206.tif,0
Forest1561.tif,0
Forest2154.tif,0
Forest1139.tif,0
Forest554.tif,0
Forest15.tif,0
Forest2678.tif,0
Forest2173.tif,0
Forest1887.tif,0
Forest536.tif,0
Forest569.tif,0
Forest2352.tif,0
Forest2513.tif,0
Forest1092.tif,0
Forest2299.tif,0
Forest2148.tif,0
Forest1123.tif,0
Forest707.tif,0
Forest1339.tif,0
Forest2170.tif,0
Forest4.tif,0
Forest1084.tif,0
Forest989.tif,0
Forest1426.tif,0
Forest46.tif,0
Forest2637.tif,0
Forest2510.tif,0
Forest2421.tif,0
Forest1161.tif,0
Forest1314.tif,0
Forest233.tif,0
Forest906.tif,0
Forest1375.tif,0
Forest2079.tif,0
Forest2124.tif,0
Forest1778.tif,0
Forest2641.tif,0
Forest666.tif,0
Forest465.tif,0
Forest2604.tif,0
Forest899.tif,0
Forest1612.tif,0
Forest610.tif,0
Forest9.tif,0
Forest997.tif,0
Forest2122.tif,0
Forest2599.tif,0
Forest1197.tif,0
Forest726.tif,0
Forest2675.tif,0
Forest1256.tif,0
Forest1517.tif,0
Forest47.tif,0
Forest399.tif,0
Forest2123.tif,0
Forest2022.tif,0
Forest2307.tif,0
Forest530.tif,0
Forest2019.tif,0
Forest1689.tif,0
Forest1875.tif,0
Forest559.tif,0
Forest2578.tif,0
Forest2643.tif,0
Forest1474.tif,0
Forest1138.tif,0
Forest2354.tif,0
Forest785.tif,0
Forest94.tif,0
Forest2375.tif,0
Forest850.tif,0
Forest885.tif,0
Forest437.tif,0
Forest2456.tif,0
Forest1593.tif,0
Forest809.tif,0
Forest1793.tif,0
Forest1279.tif,0
Forest866.tif,0
Forest19.tif,0
Forest2153.tif,0
Forest1479.tif,0
Forest1647.tif,0
Forest2485.tif,0
Forest2118.tif,0
Forest2156.tif,0
Forest2524.tif,0
Forest908.tif,0
Forest771.tif,0
Forest2017.tif,0
Forest105.tif,0
Forest526.tif,0
Forest1842.tif,0
Forest1450.tif,0
Forest1413.tif,0
Forest696.tif,0
Forest49.tif,0
Forest2119.tif,0
Forest2460.tif,0
Forest1094.tif,0
Forest142.tif,0
Forest888.tif,0
Forest913.tif,0
Forest1671.tif,0
Forest798.tif,0
Forest1035.tif,0
Forest1899.tif,0
Forest2342.tif,0
Forest2228.tif,0
Forest1666.tif,0
Forest1412.tif,0
Forest1598.tif,0
Forest1511.tif,0
Forest2454.tif,0
Forest2670.tif,0
Forest1162.tif,0
Forest1747.tif,0
Forest1882.tif,0
Forest705.tif,0
Forest128.tif,0
Forest1263.tif,0
Forest2559.tif,0
Forest1026.tif,0
Forest1496.tif,0
Forest1502.tif,0
Forest1519.tif,0
Forest2480.tif,0
Forest1160.tif,0
Forest2345.tif,0
Forest1276.tif,0
Forest2150.tif,0
Forest2294.tif,0
Forest576.tif,0
Forest946.tif,0
Forest1066.tif,0
Forest1940.tif,0
Forest273.tif,0
Forest98.tif,0
Forest2528.tif,0
Forest1222.tif,0
Forest1088.tif,0
Forest605.tif,0
Forest435.tif,0
Forest1981.tif,0
Forest418.tif,0
Forest2677.tif,0
Forest487.tif,0
Forest221.tif,0
Forest1920.tif,0
Forest2311.tif,0
Forest1717.tif,0
Forest410.tif,0
Forest1404.tif,0
Forest1293.tif,0
Forest347.tif,0
Forest1763.tif,0
Forest1391.tif,0
Forest351.tif,0
Forest1681.tif,0
Forest1925.tif,0
Forest2465.tif,0
Forest2193.tif,0
Forest1384.tif,0
Forest2309.tif,0
Forest505.tif,0
Forest1329.tif,0
Forest1721.tif,0
Forest825.tif,0
Forest1685.tif,0
Forest1055.tif,0
Forest1630.tif,0
Forest2050.tif,0
Forest383.tif,0
Forest2109.tif,0
Forest2088.tif,0
Forest1847.tif,0
Forest2320.tif,0
Forest518.tif,0
Forest288.tif,0
Forest119.tif,0
Forest837.tif,0
Forest1078.tif,0
Forest229.tif,0
Forest259.tif,0
Forest1969.tif,0
Forest574.tif,0
Forest1363.tif,0
Forest1813.tif,0
Forest1230.tif,0
Forest508.tif,0
Forest1444.tif,0
Forest1736.tif,0
Forest740.tif,0
Forest1954.tif,0
Forest2216.tif,0
Forest2059.tif,0
Forest1046.tif,0
Forest1473.tif,0
Forest1510.tif,0
Forest2370.tif,0
Forest886.tif,0
Forest1340.tif,0
Forest73.tif,0
Forest1769.tif,0
Forest2695.tif,0
Forest1442.tif,0
Forest1185.tif,0
Forest1287.tif,0
Forest481.tif,0
Forest1480.tif,0
Forest1275.tif,0
Forest2142.tif,0
Forest480.tif,0
Forest197.tif,0
Forest568.tif,0
Forest1360.tif,0
Forest1322.tif,0
Forest1286.tif,0
Forest2433.tif,0
Forest1796.tif,0
Forest703.tif,0
Forest1941.tif,0
Forest1999.tif,0
Forest1883.tif,0
Forest1949.tif,0
Forest2257.tif,0
Forest2160.tif,0
Forest1345.tif,0
Forest679.tif,0
Forest2546.tif,0
Forest556.tif,0
Forest2115.tif,0
Forest1829.tif,0
Forest1658.tif,0
Forest2445.tif,0
Forest271.tif,0
Forest735.tif,0
Forest368.tif,0
Forest1089.tif,0
Forest2508.tif,0
Forest2583.tif,0
Forest1037.tif,0
Forest2481.tif,0
Forest702.tif,0
Forest1201.tif,0
Forest1720.tif,0
Forest2451.tif,0
Forest2016.tif,0
Forest560.tif,0
Forest1346.tif,0
Forest777.tif,0
Forest1273.tif,0
Forest1376.tif,0
Forest600.tif,0
Forest113.tif,0
Forest2125.tif,0
Forest689.tif,0
Forest2038.tif,0
Forest2201.tif,0
Forest1495.tif,0
Forest2269.tif,0
Forest716.tif,0
Forest1106.tif,0
Forest979.tif,0
Forest1225.tif,0
Forest965.tif,0
Forest2636.tif,0
Forest405.tif,0
Forest2367.tif,0
Forest1628.tif,0
Forest823.tif,0
Forest2684.tif,0
Forest1042.tif,0
Forest2686.tif,0
Forest932.tif,0
Forest177.tif,0
Forest1528.tif,0
Forest1682.tif,0
Forest1476.tif,0
Forest2282.tif,0
Forest2129.tif,0
Forest2268.tif,0
Forest1641.tif,0
Forest2080.tif,0
Forest1379.tif,0
Forest2584.tif,0
Forest87.tif,0
Forest813.tif,0
Forest2034.tif,0
Forest2025.tif,0
Forest974.tif,0
Forest1542.tif,0
Forest1148.tif,0
Forest2174.tif,0
Forest346.tif,0
Forest2104.tif,0
Forest1820.tif,0
Forest1244.tif,0
Forest186.tif,0
Forest1843.tif,0
Forest1571.tif,0
Forest855.tif,0
Forest211.tif,0
Forest1830.tif,0
Forest287.tif,0
Forest714.tif,0
Forest1994.tif,0
Forest1585.tif,0
Forest1544.tif,0
Forest821.tif,0
Forest801.tif,0
Forest2121.tif,0
Forest2507.tif,0
Forest750.tif,0
Forest2444.tif,0
Forest1749.tif,0
Forest1130.tif,0
Forest482.tif,0
Forest300.tif,0
Forest2501.tif,0
Forest1213.tif,0
Forest778.tif,0
Forest97.tif,0
Forest1818.tif,0
Forest415.tif,0
Forest840.tif,0
Forest1491.tif,0
Forest1538.tif,0
Forest1824.tif,0
Forest2033.tif,0
Forest2498.tif,0
Forest40.tif,0
Forest892.tif,0
Forest2541.tif,0
Forest123.tif,0
Forest812.tif,0
Forest1076.tif,0
Forest146.tif,0
Forest936.tif,0
Forest1627.tif,0
Forest2552.tif,0
Forest1531.tif,0
Forest709.tif,0
Forest732.tif,0
Forest1688.tif,0
Forest2530.tif,0
Forest1858.tif,0
Forest2266.tif,0
Forest102.tif,0
Forest1938.tif,0
Forest2573.tif,0
Forest25.tif,0
Forest2114.tif,0
Forest171.tif,0
Forest2305.tif,0
Forest1113.tif,0
Forest1081.tif,0
Forest887.tif,0
Forest1503.tif,0
Forest149.tif,0
Forest467.tif,0
Forest2226.tif,0
Forest2348.tif,0
Forest1040.tif,0
Forest1863.tif,0
Forest293.tif,0
Forest1619.tif,0
Forest2360.tif,0
Forest2315.tif,0
Forest1679.tif,0
Forest1575.tif,0
Forest1198.tif,0
Forest1567.tif,0
Forest223.tif,0
Forest1508.tif,0
Forest2413.tif,0
Forest1347.tif,0
Forest2172.tif,0
Forest623.tif,0
Forest1574.tif,0
Forest517.tif,0
Forest1332.tif,0
Forest1212.tif,0
Forest1010.tif,0
Forest1085.tif,0
Forest555.tif,0
Forest790.tif,0
Forest2448.tif,0
Forest731.tif,0
Forest2273.tif,0
Forest404.tif,0
Forest1056.tif,0
Forest2183.tif,0
Forest1368.tif,0
Forest1217.tif,0
Forest1470.tif,0
Forest1228.tif,0
Forest1118.tif,0
Forest807.tif,0
Forest2169.tif,0
Forest2486.tif,0
Forest484.tif,0
Forest2362.tif,0
Forest1436.tif,0
Forest2430.tif,0
Forest169.tif,0
Forest438.tif,0
Forest1989.tif,0
Forest2324.tif,0
Forest1927.tif,0
Forest1025.tif,0
Forest1265.tif,0
Forest1202.tif,0
Forest364.tif,0
Forest805.tif,0
Forest449.tif,0
Forest315.tif,0
Forest686.tif,0
Forest2298.tif,0
Forest683.tif,0
Forest2416.tif,0
Forest848.tif,0
Forest1965.tif,0
Forest1961.tif,0
Forest207.tif,0
Forest2491.tif,0
Forest1249.tif,0
Forest1770.tif,0
Forest296.tif,0
Forest743.tif,0
Forest2406.tif,0
Forest1493.tif,0
Forest1590.tif,0
Forest2133.tif,0
Forest1462.tif,0
Forest2296.tif,0
Forest2394.tif,0
Forest494.tif,0
Forest1806.tif,0
Forest1142.tif,0
Forest1104.tif,0
Forest2482.tif,0
Forest144.tif,0
Forest75.tif,0
Forest360.tif,0
Forest1898.tif,0
Forest2469.tif,0
Forest1169.tif,0
Forest464.tif,0
Forest42.tif,0
Forest456.tif,0
Forest1635.tif,0
Forest581.tif,0
Forest1300.tif,0
Forest1406.tif,0
Forest261.tif,0
Forest439.tif,0
Forest688.tif,0
Forest958.tif,0
Forest283.tif,0
Forest2464.tif,0
Forest129.tif,0
Forest354.tif,0
Forest1819.tif,0
Forest2256.tif,0
Forest2472.tif,0
Forest2689.tif,0
Forest1955.tif,0
Forest284.tif,0
Forest584.tif,0
Forest2511.tif,0
Forest453.tif,0
Forest314.tif,0
Forest665.tif,0
Forest783.tif,0
Forest2328.tif,0
Forest1546.tif,0
Forest270.tif,0
Forest2203.tif,0
Forest1362.tif,0
Forest253.tif,0
Forest2403.tif,0
Forest1577.tif,0
Forest150.tif,0
Forest2548.tif,0
Forest2279.tif,0
Forest2232.tif,0
Forest1697.tif,0
Forest1894.tif,0
Forest17.tif,0
Forest2545.tif,0
Forest117.tif,0
Forest2654.tif,0
Forest1595.tif,0
Forest914.tif,0
Forest164.tif,0
Forest747.tif,0
Forest101.tif,0
Forest1655.tif,0
Forest854.tif,0
Forest1051.tif,0
Forest320.tif,0
Forest210.tif,0
Forest1646.tif,0
Forest527.tif,0
Forest1750.tif,0
Forest2447.tif,0
Forest1478.tif,0
Forest48.tif,0
Forest2344.tif,0
Forest2461.tif,0
Forest1195.tif,0
Forest942.tif,0
Forest1930.tif,0
Forest2442.tif,0
Forest496.tif,0
Forest1316.tif,0
Forest903.tif,0
Forest1433.tif,0
Forest1631.tif,0
Forest2240.tif,0
Forest2293.tif,0
Forest1696.tif,0
Forest1718.tif,0
Forest830.tif,0
Forest2289.tif,0
Forest1297.tif,0
Forest2497.tif,0
Forest1825.tif,0
Forest1726.tif,0
Forest53.tif,0
Forest2222.tif,0
Forest2047.tif,0
Forest1057.tif,0
Forest2195.tif,0
Forest1743.tif,0
Forest749.tif,0
Forest692.tif,0
Forest1530.tif,0
Forest2379.tif,0
Forest92.tif,0
Forest1424.tif,0
Forest1766.tif,0
Forest2525.tif,0
Forest2589.tif,0
Forest2557.tif,0
Forest2560.tif,0
Forest982.tif,0
Forest1757.tif,0
Forest2325.tif,0
Forest804.tif,0
Forest599.tif,0
Forest602.tif,0
Forest131.tif,0
Forest2071.tif,0
Forest1968.tif,0
Forest1357.tif,0
Forest2490.tif,0
Forest2463.tif,0
Forest761.tif,0
Forest491.tif,0
Forest1790.tif,0
Forest2021.tif,0
Forest2227.tif,0
Forest687.tif,0
Forest479.tif,0
Forest1787.tif,0
Forest317.tif,0
Forest1822.tif,0
Forest710.tif,0
Forest927.tif,0
Forest1458.tif,0
Forest1924.tif,0
Forest1886.tif,0
Forest939.tif,0
Forest2547.tif,0
Forest1804.tif,0
Forest2231.tif,0
Forest1380.tif,0
Forest2041.tif,0
Forest1487.tif,0
Forest1184.tif,0
Forest50.tif,0
Forest1892.tif,0
Forest1439.tif,0
Forest84.tif,0
Forest2323.tif,0
Forest1364.tif,0
Forest2023.tif,0
Forest2351.tif,0
Forest2690.tif,0
Forest176.tif,0
Forest613.tif,0
Forest1482.tif,0
Forest2110.tif,0
Forest2330.tif,0
Forest1239.tif,0
Forest279.tif,0
Forest1023.tif,0
Forest2419.tif,0
Forest384.tif,0
Forest422.tif,0
Forest2301.tif,0
Forest1290.tif,0
Forest1693.tif,0
Forest2051.tif,0
Forest1407.tif,0
Forest1884.tif,0
Forest122.tif,0
Forest2441.tif,0
Forest951.tif,0
Forest874.tif,0
Forest724.tif,0
Forest311.tif,0
Forest1241.tif,0
Forest1135.tif,0
Forest1500.tif,0
Forest18.tif,0
Forest419.tif,0
Forest682.tif,0
Forest1280.tif,0
Forest1274.tif,0
Forest1494.tif,0
Forest1259.tif,0
Forest305.tif,0
Forest1342.tif,0
Forest1001.tif,0
Forest999.tif,0
Forest1409.tif,0
Forest1629.tif,0
Forest2058.tif,0
Forest2210.tif,0
Forest2590.tif,0
Forest1526.tif,0
Forest648.tif,0
Forest2621.tif,0
Forest1904.tif,0
Forest753.tif,0
Forest440.tif,0
Forest2615.tif,0
Forest2616.tif,0
Forest794.tif,0
Forest2280.tif,0
Forest85.tif,0
Forest345.tif,0
Forest2259.tif,0
Forest154.tif,0
Forest1387.tif,0
Forest2353.tif,0
Forest114.tif,0
Forest1864.tif,0
Forest814.tif,0
Forest1016.tif,0
Forest1712.tif,0
Forest191.tif,0
Forest2275.tif,0
Forest725.tif,0
Forest2316.tif,0
Forest1788.tif,0
Forest162.tif,0
Forest1068.tif,0
Forest115.tif,0
Forest697.tif,0
Forest2130.tif,0
Forest294.tif,0
Forest2582.tif,0
Forest1997.tif,0
Forest1175.tif,0
Forest1132.tif,0
Forest1686.tif,0
Forest2251.tif,0
Forest475.tif,0
Forest693.tif,0
Forest1705.tif,0
Forest151.tif,0
Forest1660.tif,0
Forest2534.tif,0
Forest243.tif,0
Forest701.tif,0
Forest139.tif,0
Forest2597.tif,0
Forest2652.tif,0
Forest225.tif,0
Forest2027.tif,0
Forest2028.tif,0
Forest1982.tif,0
Forest137.tif,0
Forest1923.tif,0
Forest1388.tif,0
Forest1465.tif,0
Forest257.tif,0
Forest647.tif,0
Forest199.tif,0
Forest993.tif,0
Forest1802.tif,0
Forest924.tif,0
Forest193.tif,0
Forest1650.tif,0
Forest1645.tif,0
Forest1917.tif,0
Forest1891.tif,0
Forest1700.tif,0
Forest1795.tif,0
Forest2101.tif,0
Forest2453.tif,0
Forest1469.tif,0
Forest1308.tif,0
Forest312.tif,0
Forest832.tif,0
Forest933.tif,0
Forest409.tif,0
Forest2092.tif,0
Forest1848.tif,0
Forest1695.tif,0
Forest784.tif,0
Forest1264.tif,0
Forest2262.tif,0
Forest589.tif,0
Forest944.tif,0
Forest2336.tif,0
Forest953.tif,0
Forest935.tif,0
Forest1227.tif,0
Forest143.tif,0
Forest45.tif,0
Forest2414.tif,0
Forest782.tif,0
Forest929.tif,0
Forest792.tif,0
Forest2676.tif,0
Forest1020.tif,0
Forest1137.tif,0
Forest1657.tif,0
Forest252.tif,0
Forest2376.tif,0
Forest1576.tif,0
Forest2682.tif,0
Forest2596.tif,0
Forest215.tif,0
Forest1447.tif,0
Forest363.tif,0
Forest1374.tif,0
Forest653.tif,0
Forest454.tif,0
Forest1039.tif,0
Forest1970.tif,0
Forest2093.tif,0
Forest2520.tif,0
Forest2574.tif,0
Forest612.tif,0
Forest2619.tif,0
Forest236.tif,0
Forest573.tif,0
Forest835.tif,0
Forest998.tif,0
Forest786.tif,0
Forest1835.tif,0
Forest2220.tif,0
Forest1355.tif,0
Forest1691.tif,0
Forest2601.tif,0
Forest511.tif,0
Forest2000.tif,0
Forest1389.tif,0
Forest278.tif,0
Forest155.tif,0
Forest1606.tif,0
Forest926.tif,0
Forest503.tif,0
Forest2591.tif,0
Forest295.tif,0
Forest582.tif,0
Forest91.tif,0
Forest994.tif,0
Forest1411.tif,0
Forest1049.tif,0
Forest2549.tif,0
Forest378.tif,0
Forest2551.tif,0
Forest2094.tif,0
Forest817.tif,0
Forest196.tif,0
Forest23.tif,0
Forest2260.tif,0
Forest385.tif,0
Forest1492.tif,0
Forest675.tif,0
Forest1186.tif,0
Forest639.tif,0
Forest591.tif,0
Forest1029.tif,0
Forest1295.tif,0
Forest1063.tif,0
Forest578.tif,0
Forest1609.tif,0
Forest964.tif,0
Forest2392.tif,0
Forest1048.tif,0
Forest2072.tif,0
Forest2075.tif,0
Forest2010.tif,0
Forest1170.tif,0
Forest1558.tif,0
Forest1740.tif,0
Forest876.tif,0
Forest663.tif,0
Forest1079.tif,0
Forest366.tif,0
Forest167.tif,0
Forest2390.tif,0
Forest601.tif,0
Forest1069.tif,0
Forest2037.tif,0
Forest2509.tif,0
Forest1350.tif,0
Forest38.tif,0
Forest1398.tif,0
Forest2395.tif,0
Forest83.tif,0
Forest1429.tif,0
Forest327.tif,0
Forest1832.tif,0
Forest1633.tif,0
Forest1862.tif,0
Forest57.tif,0
Forest928.tif,0
Forest280.tif,0
Forest2612.tif,0
Forest1019.tif,0
Forest822.tif,0
Forest1617.tif,0
Forest1192.tif,0
Forest2477.tif,0
Forest1817.tif,0
Forest2314.tif,0
Forest2234.tif,0
Forest425.tif,0
Forest2455.tif,0
Forest423.tif,0
Forest2369.tif,0
Forest276.tif,0
Forest2404.tif,0
Forest377.tif,0
Forest1335.tif,0
Forest2694.tif,0
Forest1311.tif,0
Forest264.tif,0
Forest1305.tif,0
Forest1912.tif,0
Forest2236.tif,0
Forest2679.tif,0
Forest2082.tif,0
Forest82.tif,0
Forest1662.tif,0
Forest1550.tif,0
Forest373.tif,0
Forest424.tif,0
Forest1394.tif,0
Forest2614.tif,0
Forest1209.tif,0
Forest2221.tif,0
Forest911.tif,0
Forest1995.tif,0
Forest348.tif,0
Forest1242.tif,0
Forest1958.tif,0
Forest1159.tif,0
Forest713.tif,0
Forest2029.tif,0
Forest1513.tif,0
Forest365.tif,0
Forest37.tif,0
Forest744.tif,0
Forest1378.tif,0
Forest1416.tif,0
Forest107.tif,0
Forest86.tif,0
Forest1964.tif,0
Forest429.tif,0
Forest472.tif,0
Forest2562.tif,0
Forest857.tif,0
Forest1270.tif,0
Forest558.tif,0
Forest55.tif,0
Forest1762.tif,0
Forest810.tif,0
Forest531.tif,0
Forest212.tif,0
Forest660.tif,0
Forest349.tif,0
Forest909.tif,0
Forest2069.tif,0
Forest322.tif,0
Forest1907.tif,0
Forest1267.tif,0
Forest1173.tif,0
Forest533.tif,0
Forest2067.tif,0
Forest2202.tif,0
Forest2372.tif,0
Forest182.tif,0
Forest2131.tif,0
Forest204.tif,0
Forest920.tif,0
Forest962.tif,0
Forest2474.tif,0
Forest1614.tif,0
Forest746.tif,0
Forest641.tif,0
Forest727.tif,0
Forest1748.tif,0
Forest1348.tif,0
Forest2550.tif,0
Forest2350.tif,0
Forest1756.tif,0
Forest1190.tif,0
Forest1463.tif,0
Forest138.tif,0
Forest2146.tif,0
Forest2288.tif,0
Forest361.tif,0
Forest619.tif,0
Forest2396.tif,0
Forest1786.tif,0
Forest1352.tif,0
Forest43.tif,0
Forest255.tif,0
Forest461.tif,0
Forest865.tif,0
Forest634.tif,0
Forest1254.tif,0
Forest2685.tif,0
Forest2026.tif,0
Forest1456.tif,0
Forest1075.tif,0
Forest745.tif,0
Forest310.tif,0
Forest2603.tif,0
Forest1711.tif,0
Forest1534.tif,0
Forest343.tif,0
Forest1033.tif,0
Forest941.tif,0
Forest637.tif,0
Forest1933.tif,0
Forest2420.tif,0
Forest1395.tif,0
Forest2253.tif,0
Forest285.tif,0
Forest100.tif,0
Forest1753.tif,0
Forest628.tif,0
Forest1509.tif,0
Forest976.tif,0
Forest856.tif,0
Forest134.tif,0
Forest1446.tif,0
Forest2401.tif,0
Forest1581.tif,0
Forest2484.tif,0
Forest1703.tif,0
Forest828.tif,0
Forest2363.tif,0
Forest2151.tif,0
Forest2044.tif,0
Forest417.tif,0
Forest2270.tif,0
Forest218.tif,0
Forest256.tif,0
Forest1127.tif,0
Forest934.tif,0
Forest1573.tif,0
Forest2483.tif,0
Forest1238.tif,0
Forest1710.tif,0
Forest960.tif,0
Forest1522.tif,0
Forest192.tif,0
Forest1543.tif,0
Forest2042.tif,0
Forest375.tif,0
Forest931.tif,0
Forest147.tif,0
Forest947.tif,0
Forest2391.tif,0
Forest592.tif,0
Forest1070.tif,0
Forest2575.tif,0
Forest2108.tif,0
Forest973.tif,0
Forest370.tif,0
Forest1664.tif,0
Forest471.tif,0
Forest483.tif,0
Forest2422.tif,0
Forest1644.tif,0
Forest2310.tif,0
Forest2245.tif,0
Forest67.tif,0
Forest329.tif,0
Forest1652.tif,0
Forest2002.tif,0
Forest72.tif,0
Forest2531.tif,0
Forest1338.tif,0
Forest1449.tif,0
Forest1018.tif,0
Forest442.tif,0
Forest495.tif,0
Forest1006.tif,0
Forest633.tif,0
Forest728.tif,0
Forest406.tif,0
Forest336.tif,0
Forest1.tif,0
Forest1366.tif,0
Forest2111.tif,0
Forest2215.tif,0
Forest1171.tif,0
Forest2471.tif,0
Forest431.tif,0
Forest28.tif,0
Forest2645.tif,0
Forest1304.tif,0
Forest1893.tif,0
Forest2335.tif,0
Forest2470.tif,0
Forest2036.tif,0
Forest1876.tif,0
Forest2013.tif,0
Forest1176.tif,0
Forest867.tif,0
Forest1761.tif,0
Forest1291.tif,0
Forest2553.tif,0
Forest562.tif,0
Forest1180.tif,0
Forest2099.tif,0
Forest1656.tif,0
Forest2388.tif,0
Forest550.tif,0
Forest2657.tif,0
Forest2651.tif,0
Forest1738.tif,0
Forest241.tif,0
Forest2147.tif,0
Forest1905.tif,0
Forest514.tif,0
Forest969.tif,0
Forest758.tif,0
Forest2086.tif,0
Forest230.tif,0
Forest1453.tif,0
Forest1613.tif,0
Forest1377.tif,0
Forest1292.tif,0
Forest772.tif,0
Forest2085.tif,0
Forest1687.tif,0
Forest681.tif,0
Forest1649.tif,0
Forest2113.tif,0
Forest1931.tif,0
Forest2527.tif,0
Forest1367.tif,0
Forest2167.tif,0
Forest2141.tif,0
Forest1781.tif,0
Forest2402.tif,0
Forest382.tif,0
Forest521.tif,0
Forest1451.tif,0
Forest459.tif,0
Forest535.tif,0
Forest841.tif,0
Forest1472.tif,0
Forest1110.tif,0
Forest2073.tif,0
Forest2091.tif,0
Forest397.tif,0
Forest1909.tif,0
Forest1233.tif,0
Forest1149.tif,0
Forest950.tif,0
Forest708.tif,0
Forest2424.tif,0
Forest525.tif,0
Forest1331.tif,0
Forest1622.tif,0
Forest1597.tif,0
Forest852.tif,0
Forest1250.tif,0
Forest2663.tif,0
Forest563.tif,0
Forest776.tif,0
Forest340.tif,0
Forest353.tif,0
Forest2055.tif,0
Forest474.tif,0
Forest1871.tif,0
Forest1708.tif,0
Forest1952.tif,0
Forest427.tif,0
Forest1098.tif,0
Forest2285.tif,0
Forest1752.tif,0
Forest2217.tif,0
Forest140.tif,0
Forest112.tif,0
Forest1111.tif,0
Forest1196.tif,0
Forest251.tif,0
Forest2512.tif,0
Forest2681.tif,0
Forest2438.tif,0
Forest2429.tif,0
Forest1651.tif,0
Forest537.tif,0
Forest356.tif,0
Forest2493.tif,0
Forest2208.tif,0
Forest2204.tif,0
Forest1701.tif,0
Forest1839.tif,0
Forest2149.tif,0
Forest2063.tif,0
Forest1771.tif,0
Forest1431.tif,0
Forest1418.tif,0
Forest1071.tif,0
Forest1414.tif,0
Forest507.tif,0
Forest1775.tif,0
Forest1962.tif,0
Forest671.tif,0
Forest2366.tif,0
Forest2661.tif,0
Forest2065.tif,0
Forest2356.tif,0
Forest403.tif,0
Forest81.tif,0
Forest2459.tif,0
Forest2182.tif,0
Forest2014.tif,0
Forest2349.tif,0
Forest2206.tif,0
Forest1319.tif,0
Forest153.tif,0
Forest593.tif,0
Forest1960.tif,0
Forest2539.tif,0
Forest334.tif,0
Forest2514.tif,0
Forest1289.tif,0
Forest2646.tif,0
Forest2415.tif,0
Forest1626.tif,0
Forest1826.tif,0
Forest1527.tif,0
Forest1096.tif,0
Forest2610.tif,0
Forest244.tif,0
Forest799.tif,0
Forest2462.tif,0
Forest1143.tif,0
Forest872.tif,0
Forest2074.tif,0
Forest1702.tif,0
Forest1158.tif,0
Forest1800.tif,0
Forest905.tif,0
Forest181.tif,0
Forest1837.tif,0
Forest2515.tif,0
Forest2254.tif,0
Forest880.tif,0
Forest1095.tif,0
Forest1461.tif,0
Forest1929.tif,0
Forest2157.tif,0
Forest307.tif,0
Forest502.tif,0
Forest1601.tif,0
Forest1401.tif,0
Forest52.tif,0
Forest328.tif,0
Forest509.tif,0
Forest198.tif,0
Forest2272.tif,0
Forest2018.tif,0
Forest1146.tif,0
Forest829.tif,0
Forest2128.tif,0
Forest1840.tif,0
Forest2191.tif,0
Forest2053.tif,0
Forest497.tif,0
Forest401.tif,0
Forest492.tif,0
Forest1673.tif,0
Forest498.tif,0
Forest1356.tif,0
Forest1524.tif,0
Forest510.tif,0
Forest1583.tif,0
Forest1998.tif,0
Forest2284.tif,0
Forest2542.tif,0
Forest1261.tif,0
Forest1041.tif,0
Forest1147.tif,0
Forest1948.tif,0
Forest1043.tif,0
Forest1047.tif,0
Forest489.tif,0
Forest1730.tif,0
Forest597.tif,0
Forest826.tif,0
Forest2145.tif,0
Forest1928.tif,0
Forest608.tif,0
Forest1189.tif,0
Forest2488.tif,0
Forest1382.tif,0
Forest2318.tif,0
Forest1004.tif,0
Forest1853.tif,0
Forest1988.tif,0
Forest643.tif,0
Forest80.tif,0
Forest51.tif,0
Forest108.tif,0
Forest891.tif,0
Forest2640.tif,0
Forest477.tif,0
Forest2496.tif,0
Forest1805.tif,0
Forest2698.tif,0
Forest1464.tif,0
Forest1334.tif,0
Forest1845.tif,0
Forest1939.tif,0
Forest1243.tif,0
Forest216.tif,0
Forest1017.tif,0
Forest2609.tif,0
Forest1178.tif,0
Forest1777.tif,0
Forest170.tif,0
Forest1889.tif,0
Forest2468.tif,0
Forest391.tif,0
Forest1361.tif,0
Forest95.tif,0
Forest1908.tif,0
Forest41.tif,0
Forest1410.tif,0
Forest1983.tif,0
Forest1951.tif,0
Forest428.tif,0
Forest2332.tif,0
Forest1599.tif,0
Forest2436.tif,0
Forest1518.tif,0
Forest1525.tif,0
Forest2473.tif,0
Forest2233.tif,0
Forest2189.tif,0
Forest695.tif,0
Forest448.tif,0
Forest1916.tif,0
Forest2199.tif,0
Forest68.tif,0
Forest1203.tif,0
Forest357.tif,0
Forest2537.tif,0
Forest332.tif,0
Forest1594.tif,0
Forest904.tif,0
Forest2625.tif,0
Forest611.tif,0
Forest195.tif,0
Forest655.tif,0
Forest1564.tif,0
Forest1722.tif,0
Forest1587.tif,0
Forest2628.tif,0
Forest2516.tif,0
Forest1067.tif,0
Forest2339.tif,0
Forest362.tif,0
Forest11.tif,0
Forest120.tif,0
Forest889.tif,0
Forest2162.tif,0
Forest1765.tif,0
Forest1372.tif,0
Forest158.tif,0
Forest1973.tif,0
Forest917.tif,0
Forest292.tif,0
Forest421.tif,0
Forest1733.tif,0
Forest871.tif,0
Forest2533.tif,0
Forest650.tif,0
Forest2664.tif,0
Forest838.tif,0
Forest2571.tif,0
Forest1950.tif,0
Forest1560.tif,0
Forest811.tif,0
Forest179.tif,0
Forest325.tif,0
Forest1807.tif,0
Forest1390.tif,0
Forest490.tif,0
Forest2070.tif,0
Forest1080.tif,0
Forest1100.tif,0
Forest499.tif,0
Forest1859.tif,0
Forest1215.tif,0
Forest339.tif,0
Forest1834.tif,0
Forest2629.tif,0
Forest916.tif,0
Forest1694.tif,0
Forest2248.tif,0
Forest1124.tif,0
Forest1283.tif,0
Forest1119.tif,0
Forest721.tif,0
Forest141.tif,0
Forest1547.tif,0
Forest183.tif,0
Forest1867.tif,0
Forest184.tif,0
Forest571.tif,0
Forest485.tif,0
Forest2361.tif,0
Forest806.tif,0
Forest159.tif,0
Forest762.tif,0
Forest2340.tif,0
Forest631.tif,0
Forest1351.tif,0
Forest2457.tif,0
Forest661.tif,0
Forest386.tif,0
Forest1013.tif,0
Forest2587.tif,0
Forest1172.tif,0
Forest1007.tif,0
Forest2319.tif,0
Forest2132.tif,0
Forest984.tif,0
Forest1383.tif,0
Forest1483.tif,0
Forest227.tif,0
Forest2600.tif,0
Forest2423.tif,0
Forest791.tif,0
Forest277.tif,0
Forest1152.tif,0
Forest118.tif,0
Forest1742.tif,0
Forest180.tif,0
Forest1157.tif,0
Forest260.tif,0
Forest297.tif,0
Forest2177.tif,0
Forest621.tif,0
Forest2439.tif,0
Forest1906.tif,0
Forest1027.tif,0
Forest733.tif,0
Forest1855.tif,0
Forest2224.tif,0
Forest240.tif,0
Forest845.tif,0
Forest789.tif,0
Forest2178.tif,0
Forest1072.tif,0
Forest1505.tif,0
Forest738.tif,0
Forest657.tif,0
Forest532.tif,0
Forest1537.tif,0
Forest1719.tif,0
Forest231.tif,0
Forest1030.tif,0
Forest1915.tif,0
Forest1125.tif,0
Forest1758.tif,0
Forest1136.tif,0
Forest1154.tif,0
Forest680.tif,0
Forest163.tif,0
Forest547.tif,0
Forest2207.tif,0
Forest59.tif,0
Forest1548.tif,0
Forest1266.tif,0
Forest194.tif,0
Forest1803.tif,0
Forest2568.tif,0
Forest1101.tif,0
Forest774.tif,0
Forest3.tif,0
Forest34.tif,0
Forest990.tif,0
Forest1975.tif,0
Forest2386.tif,0
Forest501.tif,0
Forest56.tif,0
Forest33.tif,0
Forest2171.tif,0
Forest742.tif,0
Forest877.tif,0
Forest1122.tif,0
Forest685.tif,0
Forest1759.tif,0
Forest2532.tif,0
Forest455.tif,0
Forest1403.tif,0
Forest2097.tif,0
Forest2699.tif,0
Forest737.tif,0
Forest172.tif,0
Forest1317.tif,0
Forest1050.tif,0
Forest2449.tif,0
Forest372.tif,0
Forest1582.tif,0
Forest937.tif,0
Forest2040.tif,0
Forest367.tif,0
Forest2247.tif,0
Forest553.tif,0
Forest470.tif,0
Forest337.tif,0
Forest2566.tif,0
Forest1341.tif,0
Forest2521.tif,0
Forest1402.tif,0
Forest1632.tif,0
Forest2214.tif,0
Forest1324.tif,0
Forest1128.tif,0
Forest88.tif,0
Forest2343.tif,0
Forest607.tif,0
Forest2001.tif,0
Forest220.tif,0
Forest673.tif,0
Forest65.tif,0
Forest1684.tif,0
Forest66.tif,0
Forest2267.tif,0
Forest690.tif,0
Forest313.tif,0
Forest1099.tif,0
Forest644.tif,0
Forest1021.tif,0
Forest2536.tif,0
Forest540.tif,0
Forest844.tif,0
Forest2558.tif,0
Forest1166.tif,0
Forest1278.tif,0
Forest851.tif,0
Forest603.tif,0
Forest104.tif,0
Forest583.tif,0
Forest819.tif,0
Forest1443.tif,0
Forest239.tif,0
Forest861.tif,0
Forest2303.tif,0
Forest757.tif,0
Forest551.tif,0
Forest450.tif,0
Forest968.tif,0
Forest1704.tif,0
Forest869.tif,0
Forest2068.tif,0
Forest1992.tif,0
Forest1313.tif,0
Forest1354.tif,0
Forest29.tif,0
Forest652.tif,0
Forest1437.tif,0
Forest443.tif,0
Forest1776.tif,0
Forest493.tif,0
Forest20.tif,0
Forest843.tif,0
Forest301.tif,0
Forest1782.tif,0
Forest978.tif,0
Forest2184.tif,0
Forest79.tif,0
Forest309.tif,0
Forest678.tif,0
Forest1551.tif,0
Forest1235.tif,0
Forest1774.tif,0
Forest2179.tif,0
Forest1895.tif,0
Forest202.tif,0
Forest1255.tif,0
Forest606.tif,0
Forest1188.tif,0
Forest2561.tif,0
Forest1535.tif,0
Forest1405.tif,0
Forest741.tif,0
Forest2136.tif,0
Forest720.tif,0
Forest1754.tif,0
Forest2622.tif,0
Forest124.tif,0
Forest970.tif,0
Forest1294.tif,0
Forest1038.tif,0
Forest6.tif,0
Forest1221.tif,0
Forest2407.tif,0
Forest245.tif,0
Forest2538.tif,0
Forest130.tif,0
Forest1533.tif,0
Forest324.tif,0
Forest248.tif,0
Forest224.tif,0
Forest1485.tif,0
Forest839.tif,0
Forest1565.tif,0
Forest1320.tif,0
Forest1091.tif,0
Forest1967.tif,0
Forest882.tif,0
Forest1798.tif,0
Forest1919.tif,0
Forest1605.tif,0
Forest754.tif,0
Forest1174.tif,0
Forest780.tif,0
Forest238.tif,0
Forest2431.tif,0
Forest1959.tif,0
Forest299.tif,0
Forest1245.tif,0
Forest1667.tif,0
Forest1588.tif,0
Forest2696.tif,0
Forest2192.tif,0
Forest1344.tif,0
Forest803.tif,0
Forest1610.tif,0
Forest2185.tif,0
Forest2647.tif,0
Forest2380.tif,0
Forest1105.tif,0
Forest426.tif,0
Forest2032.tif,0
Forest543.tif,0
Forest2662.tif,0
Forest2624.tif,0
Forest873.tif,0
Forest1549.tif,0
Forest793.tif,0
Forest827.tif,0
Forest1792.tif,0
Forest2166.tif,0
Forest2556.tif,0
Forest32.tif,0
Forest2674.tif,0
Forest2308.tif,0
Forest1296.tif,0
Forest767.tif,0
Forest2175.tif,0
Forest860.tif,0
Forest1506.tif,0
